{"stats":{"minecraft:picked_up":{"minecraft:melon_slice":11},"minecraft:custom":{"minecraft:jump":15,"minecraft:open_chest":1,"minecraft:time_since_rest":5092,"minecraft:sprint_one_cm":8538,"minecraft:play_time":5092,"minecraft:damage_taken":13,"minecraft:time_since_death":5092,"minecraft:walk_one_cm":10913,"minecraft:total_world_time":5092,"minecraft:fall_one_cm":822,"minecraft:fly_one_cm":3979},"minecraft:mined":{"minecraft:melon":3},"minecraft:used":{"minecraft:wooden_sword":3}},"DataVersion":3465}