{"stats":{"minecraft:killed_by":{"minecraft:player":1,"antlers:wendigo":1},"minecraft:picked_up":{"minecraft:crafting_table":6,"minecraft:shelter_pottery_sherd":1,"minecraft:iron_chestplate":1,"man:cassette_recorder_block":1,"minecraft:leather_leggings":1,"dynamictrees:spruce_seed":2,"minecraft:diamond_horse_armor":1,"minecraft:brick":9,"minecraft:shield":2,"minecraft:string":13,"minecraft:red_bed":1,"minecraft:cobbled_deepslate":20,"minecraft:spruce_planks":38,"minecraft:beef":8,"minecraft:iron_pickaxe":1,"minecraft:spruce_slab":8,"minecraft:melon_slice":64,"minecraft:sugar_cane":45,"minecraft:chest":2,"minecraft:iron_boots":1,"minecraft:stick":132,"minecraft:raw_iron":44,"minecraft:torch":35,"minecraft:green_bed":3,"sophisticatedbackpacks:backpack":1,"minecraft:porkchop":3,"minecraft:dark_oak_planks":34,"minecraft:arrow":1,"minecraft:rotten_flesh":6,"minecraft:hay_block":4,"supplementaries:antique_ink":2,"minecraft:red_tulip":2,"minecraft:saddle":2,"supplementaries:ash":2,"minecraft:mutton":1,"minecraft:obsidian":5,"minecraft:white_wool":2,"minecraft:cobblestone":337,"minecraft:enchanting_table":1,"minecraft:jungle_log":2,"minecraft:leather":9,"minecraft:oak_log":18,"antlers:tomahawkitem":19,"minecraft:gray_concrete":1,"minecraft:dirt":36,"minecraft:lantern":1,"minecraft:bone":33,"minecraft:apple":4,"minecraft:kelp":4,"minecraft:wheat_seeds":2,"minecraft:iron_sword":2,"minecraft:book":21,"minecraft:sand":71,"minecraft:spruce_log":81,"minecraft:dark_oak_log":29,"minecraft:spruce_boat":1,"minecraft:stone_axe":1,"minecraft:iron_helmet":1,"minecraft:emerald":8,"minecraft:bread":68,"minecraft:coal":51},"minecraft:killed":{"hordes:zombie_player":1,"minecraft:spider":1,"minecraft:skeleton":1,"minecraft:horse":3,"minecraft:pig":1,"minecraft:sheep":4,"minecraft:donkey":1,"minecraft:zombie":8,"minecraft:cow":5},"minecraft:custom":{"minecraft:mob_kills":25,"minecraft:interact_with_crafting_table":27,"minecraft:open_barrel":20,"minecraft:leave_game":5,"minecraft:time_since_death":109875,"minecraft:climb_one_cm":7112,"minecraft:sprint_one_cm":348286,"minecraft:walk_one_cm":384630,"minecraft:damage_blocked_by_shield":1020,"minecraft:drop":21,"minecraft:talked_to_villager":8,"minecraft:play_time":219081,"minecraft:deaths":3,"minecraft:sneak_time":9479,"minecraft:walk_under_water_one_cm":24798,"minecraft:boat_one_cm":245204,"minecraft:jump":2295,"minecraft:interact_with_blast_furnace":2,"minecraft:walk_on_water_one_cm":30322,"minecraft:total_world_time":219081,"minecraft:interact_with_furnace":1,"minecraft:traded_with_villager":1,"minecraft:sleep_in_bed":9,"minecraft:time_since_rest":29559,"minecraft:damage_taken":2092,"minecraft:damage_dealt":4565,"minecraft:swim_one_cm":51165,"minecraft:fly_one_cm":489800,"minecraft:player_kills":1,"minecraft:open_chest":34,"minecraft:crouch_one_cm":32580,"minecraft:interact_with_smoker":1,"minecraft:fall_one_cm":64915,"minecraft:horse_one_cm":15799},"minecraft:dropped":{"minecraft:golden_boots":1,"minecraft:iron_sword":1,"minecraft:wheat_seeds":1,"minecraft:oak_log":6,"minecraft:leather":5,"dynamictrees:spruce_seed":2,"minecraft:milk_bucket":1,"minecraft:torch":1,"minecraft:bone":1,"minecraft:kelp":4,"minecraft:rotten_flesh":1,"minecraft:spruce_planks":23,"minecraft:ladder":12,"minecraft:arrow":1,"minecraft:red_tulip":1,"minecraft:brick":3},"minecraft:used":{"minecraft:enchanting_table":1,"minecraft:iron_shovel":71,"minecraft:spruce_slab":150,"minecraft:ladder":4,"minecraft:spruce_planks":115,"minecraft:chest":1,"minecraft:shield":62,"minecraft:iron_sword":132,"minecraft:rotten_flesh":4,"minecraft:torch":96,"minecraft:jungle_planks":2,"minecraft:milk_bucket":1,"minecraft:spruce_boat":1,"minecraft:dark_oak_planks":2,"minecraft:lantern":1,"minecraft:cobbled_deepslate":11,"farmersdelight:iron_knife":6,"man:cassette_recorder_block":1,"minecraft:green_bed":3,"minecraft:sand":1,"minecraft:crafting_table":7,"minecraft:red_bed":1,"minecraft:apple":4,"minecraft:bread":46,"minecraft:iron_pickaxe":295,"minecraft:stone_axe":36,"minecraft:wooden_sword":17,"minecraft:cobblestone":66,"minecraft:oak_boat":3,"minecraft:cobweb":10},"minecraft:broken":{"minecraft:iron_pickaxe":1},"minecraft:mined":{"minecraft:spruce_planks":7,"minecraft:mossy_cobblestone":1,"antlers:bloody_fox":1,"minecraft:grass_block":8,"minecraft:decorated_pot":1,"minecraft:jungle_log":2,"farmersdelight:wild_cabbages":2,"minecraft:kelp":1,"minecraft:large_fern":2,"minecraft:hay_block":4,"minecraft:cobbled_deepslate":4,"minecraft:iron_ore":23,"minecraft:barrel":1,"minecraft:enchanting_table":2,"minecraft:bookshelf":3,"minecraft:red_tulip":1,"minecraft:vine":1,"minecraft:stone":182,"minecraft:spruce_slab":6,"minecraft:green_bed":4,"minecraft:gray_concrete":1,"minecraft:red_bed":1,"minecraft:crafting_table":6,"minecraft:torch":1,"minecraft:melon":14,"minecraft:chest":3,"minecraft:tall_grass":10,"minecraft:cobblestone":16,"minecraft:sugar_cane":2,"supplementaries:urn":8,"minecraft:seagrass":1,"antlers:sheep_corpse":1,"minecraft:grass":17,"minecraft:coal_ore":36,"dtterralith:dark_oak_red_conifer_leaves":1,"minecraft:sand":71,"minecraft:dirt":12,"minecraft:cobweb":12,"man:cassette_recorder_block":1,"antlers:bloody_cow":1,"paraglider:goddess_statue":1,"minecraft:deepslate":8},"minecraft:crafted":{"minecraft:oak_planks":24,"minecraft:iron_nugget":9,"minecraft:ladder":16,"minecraft:spruce_slab":148,"minecraft:spruce_boat":1,"minecraft:dark_oak_planks":40,"sophisticatedbackpacks:backpack":1,"minecraft:crafting_table":3,"minecraft:spruce_planks":220,"farmersdelight:iron_knife":1,"minecraft:iron_sword":1,"minecraft:bucket":1,"minecraft:stone_axe":1,"minecraft:jungle_planks":8,"minecraft:oak_boat":3,"minecraft:stick":4,"supplementaries:bubble_blower":1,"minecraft:iron_pickaxe":1,"minecraft:iron_shovel":2,"minecraft:torch":84,"man:cassette_recorder_block":1}},"DataVersion":3465}