{"stats":{"minecraft:killed_by":{"minecraft:player":1,"antlers:wendigo":2},"minecraft:picked_up":{"minecraft:enchanting_table":1,"minecraft:charcoal":2,"minecraft:iron_chestplate":1,"minecraft:crafting_table":2,"minecraft:ladder":12,"minecraft:golden_leggings":2,"minecraft:jungle_log":51,"minecraft:leather":3,"dynamictrees:spruce_seed":3,"minecraft:jungle_fence":1,"minecraft:smoker":3,"minecraft:oak_log":6,"minecraft:golden_boots":1,"minecraft:shield":2,"minecraft:lantern":11,"paraglider:goddess_statue":2,"dtterralith:black_poplar_seed":1,"man:cassette_1safetyinstructions":2,"minecraft:string":2,"antlers:tomahawkitem":14,"minecraft:iron_axe":1,"farmersdelight:iron_knife":1,"minecraft:kelp":8,"minecraft:cobbled_deepslate":11,"minecraft:iron_ingot":9,"minecraft:spruce_planks":42,"minecraft:beef":4,"minecraft:oak_boat":5,"minecraft:poppy":2,"dynamictrees:oak_seed":1,"minecraft:iron_pickaxe":1,"minecraft:chest":1,"farmersdelight:cabbage_seeds":1,"minecraft:iron_sword":8,"minecraft:iron_boots":2,"minecraft:furnace":1,"minecraft:golden_helmet":1,"minecraft:stick":177,"minecraft:milk_bucket":2,"minecraft:cooked_porkchop":18,"minecraft:torch":22,"minecraft:porkchop":5,"minecraft:jungle_planks":29,"minecraft:sand":74,"minecraft:blast_furnace":4,"minecraft:spruce_log":102,"farmersdelight:ham":1,"minecraft:dark_oak_log":21,"minecraft:rotten_flesh":19,"minecraft:iron_helmet":1,"minecraft:crossbow":2,"minecraft:bread":12,"minecraft:emerald":1,"minecraft:mutton":12,"woodworks:jungle_chest":1,"minecraft:white_wool":3,"minecraft:cobblestone":1},"minecraft:killed":{"hordes:zombie_player":1,"minecraft:spider":1,"antlers:wendigomad":1,"minecraft:zombie":1},"minecraft:custom":{"minecraft:interact_with_furnace":28,"minecraft:mob_kills":4,"minecraft:interact_with_crafting_table":28,"minecraft:open_barrel":13,"minecraft:leave_game":13,"minecraft:time_since_death":48628,"minecraft:sleep_in_bed":7,"minecraft:climb_one_cm":7311,"minecraft:time_since_rest":29301,"minecraft:sprint_one_cm":341756,"minecraft:damage_taken":3458,"minecraft:walk_one_cm":402578,"minecraft:damage_blocked_by_shield":20,"minecraft:drop":12,"minecraft:damage_dealt":4059,"minecraft:swim_one_cm":49471,"minecraft:talked_to_villager":7,"minecraft:fly_one_cm":274590,"minecraft:player_kills":1,"minecraft:open_chest":45,"minecraft:crouch_one_cm":9330,"minecraft:play_time":182370,"minecraft:deaths":3,"minecraft:sneak_time":3050,"minecraft:walk_under_water_one_cm":49864,"minecraft:boat_one_cm":122584,"minecraft:jump":1461,"minecraft:interact_with_blast_furnace":4,"minecraft:walk_on_water_one_cm":26249,"minecraft:total_world_time":182370,"minecraft:interact_with_smoker":2,"minecraft:fall_one_cm":28023},"minecraft:dropped":{"minecraft:iron_sword":1,"minecraft:oak_log":6,"minecraft:cobbled_deepslate":2,"minecraft:rotten_flesh":6,"antlers:tomahawkitem":3,"man:cassette_1safetyinstructions":1,"minecraft:spruce_planks":31,"minecraft:string":2},"minecraft:used":{"minecraft:golden_boots":1,"minecraft:enchanting_table":1,"minecraft:ladder":10,"minecraft:shield":1,"minecraft:chest":1,"minecraft:spruce_planks":283,"minecraft:iron_sword":69,"minecraft:wooden_pickaxe":4,"minecraft:rotten_flesh":1,"minecraft:wooden_shovel":59,"minecraft:white_wool":1,"minecraft:torch":16,"minecraft:crafting_table":3,"minecraft:blast_furnace":2,"minecraft:jungle_planks":1,"minecraft:white_bed":1,"minecraft:milk_bucket":1,"minecraft:smoker":2,"minecraft:glass":6,"minecraft:lantern":9,"minecraft:iron_axe":94,"minecraft:bread":56,"minecraft:iron_pickaxe":22,"woodworks:jungle_chest":3,"connectedglass:borderless_glass":2,"connectedglass:borderless_glass_pane":218,"minecraft:golden_leggings":1,"minecraft:furnace":1,"minecraft:cooked_porkchop":7,"minecraft:glass_pane":2,"minecraft:oak_boat":2,"minecraft:cobbled_deepslate":2},"minecraft:broken":{"minecraft:wooden_shovel":1},"minecraft:mined":{"minecraft:spruce_planks":20,"connectedglass:borderless_glass_pane":6,"minecraft:glass_pane":2,"connectedglass:borderless_glass":2,"minecraft:kelp_plant":3,"minecraft:smoker":2,"minecraft:crafting_table":1,"minecraft:torch":11,"woodworks:jungle_chest":1,"minecraft:blast_furnace":2,"minecraft:jungle_planks":1,"minecraft:jungle_log":31,"minecraft:campfire":1,"minecraft:glass":6,"minecraft:tall_grass":5,"minecraft:moss_block":2,"minecraft:kelp":2,"minecraft:wall_torch":14,"minecraft:furnace":1,"antlers:sheep_corpse":2,"minecraft:cobbled_deepslate":9,"minecraft:bee_nest":1,"minecraft:grass":2,"minecraft:lantern":10,"minecraft:sand":75,"minecraft:stone":1},"minecraft:crafted":{"minecraft:wooden_shovel":1,"minecraft:crafting_table":1,"woodworks:jungle_chest":2,"minecraft:spruce_planks":324,"minecraft:wooden_pickaxe":1,"connectedglass:borderless_glass_pane":204,"connectedglass:borderless_glass":28,"minecraft:air":0,"minecraft:glass_pane":144,"minecraft:jungle_planks":44,"minecraft:glass":88,"minecraft:iron_axe":1,"minecraft:stick":8,"minecraft:white_bed":1,"minecraft:dark_oak_planks":84}},"DataVersion":3465}